TICKER;PRECO;DY;P/L;P/VP;P/ATIVOS;MARGEM BRUTA;MARGEM EBIT;MARG. LIQUIDA;P/EBIT;EV/EBIT;DIVIDA LIQUIDA / EBIT;DIV. LIQ. / PATRI.;PSR;P/CAP. GIRO;P. AT CIR. LIQ.;LIQ. CORRENTE;ROE;ROA;ROIC;PATRIMONIO / ATIVOS;PASSIVOS / ATIVOS;GIRO ATIVOS;CAGR RECEITAS 5 ANOS;CAGR LUCROS 5 ANOS; LIQUIDEZ MEDIA DIARIA; VPA; LPA; PEG Ratio; VALOR DE MERCADO
AALR3;20.54;;-75.24;2.1;0.96;31.73;5.79;-2.87;37.27;47.7;10.43;0.59;2.16;-30.62;-1.17;0.85;-2.79;-1.27;2.7;0.46;0.53;0.44;3.62;;5695769.75;9.8;-0.27;1.48;2429734440.64
ABCB4;17.7;6.49;5.83;0.81;0.08;16.6;11.66;10.08;5.04;5.04;;;0.59;7.88;-0.08;1.25;13.99;1.35;;0.1;0.9;0.13;7.15;11.89;11557927.11;21.72;3.04;0.1;4001795088.6
ABEV3;15.14;3.99;17.61;2.76;1.75;49.91;22.47;17.6;13.79;13.07;-0.72;-0.14;3.1;54.93;-2.42;1.13;15.7;9.91;18.74;0.63;0.36;0.56;9.82;1.54;391257859.96;5.48;0.86;-2.49;238458283124.14
AERI3;3.28;0.63;53.03;2.53;0.81;11.08;8.41;2.02;12.74;16.45;3.71;0.73;1.07;2.04;-2.23;2.65;4.76;1.53;7.66;0.32;0.68;0.76;;;8678471.64;1.3;0.06;-0.88;2513180135.68
AESB3;10.15;1.06;10.57;1.53;0.35;23.57;15.63;18.74;12.68;24.12;11.45;1.38;1.98;1.97;-0.49;2.75;14.43;3.33;-1.42;0.23;0.68;0.18;;;13.409.583,00;6.65;0.96;;4994880924.25
AGRO3;25.18;18.42;3.2;1.04;0.74;39.85;35.81;58.48;5.22;5.36;0.14;0.03;1.87;1.81;-1.51;4.91;32.67;23.09;14.65;0.71;0.29;0.39;55.29;151.67;12558616.57;24.12;7.88;0.01;2577853061.44
AGXY3;8.3;2.02;16;1.01;0.16;11.21;3.14;1.04;5.3;9.13;3.84;0.73;0.17;3.92;-0.9;1.05;6.32;0.99;7.19;0.16;0.84;0.95;;;662155.68;8.2;0.52;;1417847408.7
ALLD3;12.05;11.05;4.25;0.73;0.28;13.72;6.66;4.42;2.82;3.55;0.73;0.19;0.19;1.24;-0.94;1.48;17.24;6.66;19.9;0.39;0.61;1.51;;;561547.79;16.45;2.84;0.15;1123308013.1
ALPA4;19.73;2.21;24.61;2.35;1.77;47.38;10.98;13.9;31.14;28.91;-0.11;-0.01;3.42;9.85;-2.92;1.83;9.55;7.18;6.4;0.75;0.25;0.52;-0.53;8.66;90116144.11;8.39;0.8;0.29;12560138779.76
ALPK3;2.84;;-3.01;1.19;0.24;26.64;0.11;-22.18;583.87;1816.47;1232.6;2.51;0.67;-1.17;-0.26;0.29;-39.61;-8.01;-0.09;0.2;0.8;0.36;;;950319.75;2.39;-0.94;0.82;608971325.32
ALSO3;19;2.02;17.48;0.74;0.43;69.41;55.68;28.66;9;5.75;-3.24;-0.27;5.01;2.99;-0.54;3.64;4.23;2.48;6.45;0.58;0.32;0.09;22.33;24.57;27109140.75;25.69;1.09;0.1;5.049.682.782,00
ALUP11;28.59;4.3;7.83;1.15;0.31;78.93;74.42;22.57;2.37;4.77;2.4;1.16;1.77;2.69;-0.38;2.73;14.7;3.94;13.68;0.27;0.6;0.17;27.49;28.06;39284154.18;24.85;3.65;-0.38;8377930393.57
AMAR3;2.73;;-6.29;0.86;0.28;44.23;-0.85;-5.52;-41.02;-97.61;-56.59;1.18;0.35;2.3;-0.56;1.32;-13.62;-4.46;-4.51;0.33;0.67;0.81;-2.41;;9904206.18;3.19;-0.43;;935941106.1
AMBP3;30.1;1.01;21.36;3.29;0.57;21.59;16.99;6.58;8.27;13.77;5.51;2.19;1.4;2.69;-0.93;2.26;15.4;2.68;7.1;0.17;0.8;0.41;;;27523212.93;9.15;1.41;0.15;3399361198.8
AMER3;14.69;4.23;23.38;0.87;0.3;30.11;4.29;2.15;11.72;18.96;7.24;0.54;0.5;1.52;-0.57;1.76;3.72;1.3;1.98;0.35;0.65;0.61;21.42;;240747482.11;16.9;0.63;-0.07;13.325.547.261,00
ANIM3;5.4;;-9.49;0.76;0.2;55.89;11.91;-7.33;5.84;15.77;9.93;1.3;0.7;2.36;-0.25;1.7;-8.06;-2.12;3.79;0.26;0.7;0.29;22.51;;13793970.89;7.06;-0.57;0.01;2.180.891.547,00
APER3;30.5;0.23;74.06;1.17;0.66;100;7.36;2.85;28.68;21.89;-6.79;-0.28;2.11;9.79;-0.89;1.34;1.58;0.88;3.83;0.56;0.44;0.31;4.5;;1151279.96;26.02;0.41;0.02;350.144.087,00
ARML3;15.5;1.66;54.47;4.79;1.8;46.13;32.1;14.31;24.28;27.58;3.3;0.65;7.79;5.75;-3.03;4.35;8.79;3.3;6.64;0.38;0.62;0.23;;;4201151.54;3.24;0.28;0.23;5359272575.5
ARZZ3;86.49;1.96;21.42;3.8;2.36;52.81;16.73;11.78;15.08;14.41;-0.68;-0.17;2.52;11.3;-4.96;1.66;17.75;11.01;18.91;0.62;0.38;0.94;18.73;30.72;84714143.89;22.75;4.04;0.01;9496274981.31
ASAI3;17.49;0.98;14.76;7.12;0.71;16.73;5.8;3.39;8.63;11.65;3.02;2.49;0.5;-41.08;-1.03;0.95;48.26;4.78;18.25;0.1;0.9;1.41;;;122966733.39;2.46;1.19;-3.52;23582338328.34
AURA33;28.62;9.41;6.17;1.24;0.57;34.14;20.97;14.78;4.35;4.32;-0.03;-0.01;0.91;1.82;-1.17;2.61;20.03;9.29;9.51;0.46;0.54;0.63;;;2912868.07;23.17;4.64;-0.13;2024649205.2
AURE3;14.1;0.71;536.08;1.1;0.5;28.7;30.66;1.46;25.48;28.48;3;0.13;7.81;5.94;-0.61;1.77;0.21;0.09;2.68;0.45;0.55;0.06;;;38371025.89;12.82;0.03;;14.100.000.000,00
AZEV3;3.05;;6.21;1.4;0.37;18.34;24.69;18.16;4.57;4.6;0.35;0.11;1.13;-21.12;-0.52;0.95;22.53;5.87;22.51;0.26;0.74;0.32;-8.87;;228519.14;2.18;0.49;-0.08;154.456.500,00
AZEV4;2.73;;5.56;1.25;0.33;18.34;24.69;18.16;4.09;4.6;0.35;0.11;1.01;-18.9;-0.47;0.95;22.53;5.87;22.51;0.26;0.74;0.32;-8.87;;701362.54;2.18;0.49;-0.07;154.456.500,00
AZUL4;14.62;;14.9;-1.18;1.04;17.86;1.33;10.94;122.52;165.32;131.61;;1.63;-2.73;-1.45;0.43;-7.93;6.97;2.48;-0.88;1.88;0.64;8.38;;133400640.11;-12.37;0.98;-0.13;5087453839.27
B3SA3;12.32;5.73;16.47;3.45;1.48;89.78;59.11;44.83;12.49;11.65;-0.85;-0.23;7.38;9.48;-2.43;1.67;20.92;8.99;11.6;0.43;0.57;0.2;34.69;25.83;441729511.75;3.58;0.75;4.03;75.139.680.000,00
BBAS3;40.02;7.65;5.62;0.77;0.06;31.08;16.23;13.82;4.79;4.79;;;0.78;2.91;-0.06;7.7;13.75;1.02;;0.07;0.92;0.07;-6.5;23.75;375369934.04;51.76;7.12;0.11;114673989140.4
BBDC3;15.88;3.79;6.97;1.08;0.1;33.47;18.36;15.32;5.81;6.4;;;1.07;2.03;-0.1;5.4;15.53;1.4;;0.09;0.91;0.09;-5.09;6.31;91854788.25;14.68;2.28;0.45;186440693979.45
BBDC4;19.11;3.47;8.38;1.3;0.12;33.47;18.36;15.32;6.99;6.4;;;1.28;2.45;-0.12;5.4;15.53;1.4;;0.09;0.91;0.09;-5.09;6.31;538982880.32;14.68;2.28;0.54;186440693979.45
BBSE3;29.55;4.91;12.34;7.61;4.31;;;;10.29;10.29;;;;54.72;-6.62;1.29;61.62;34.94;;0.57;0.43;0;;3.59;139831689.79;3.89;2.39;0.44;59.100.000.000,00
BEEF3;12.88;5.37;17.23;11.96;0.39;17.35;7.73;1.6;3.56;6.35;2.78;9.33;0.28;1.2;-1.24;1.9;69.39;2.26;13.65;0.03;0.97;1.41;22.82;18.43;74218175.64;1.08;0.75;-0.51;7821810282.16
BIDI11;10.4;0.43;-499.12;1.08;0.23;50.33;-5.35;-0.71;-66.25;-66.25;;;3.55;;-0.24;;-0.22;-0.05;;0.22;0.78;0.07;5.8;;189680308.83;9.67;-0.02;2.46;8991139764.53
BIDI3;3.4;0.43;-489.52;1.06;0.23;50.33;-5.35;-0.71;-64.98;-66.25;;;3.48;;-0.24;;-0.22;-0.05;;0.22;0.78;0.07;5.8;;9796295.5;3.22;-0.01;2.42;8991139764.53
BIDI4;3.41;0.43;-490.96;1.06;0.23;50.33;-5.35;-0.71;-65.17;-66.25;;;3.49;;-0.24;;-0.22;-0.05;;0.22;0.78;0.07;5.8;;44223197.08;3.22;-0.01;2.42;8991139764.53
BKBR3;8.12;;-15.66;1.46;0.6;63.43;-1.58;-4.77;-47.23;-56.06;-8.83;0.27;0.75;-73.66;-0.75;0.96;-9.31;-3.83;-2.37;0.41;0.59;0.8;14.59;;15223985.68;5.57;-0.52;0.21;2235886229.64
BLAU3;30;2.45;17.17;3.13;2.26;46.63;30.66;23.25;13.02;11.85;-1.17;-0.28;3.99;4.14;-7.81;4.3;18.21;13.15;14.01;0.72;0.28;0.57;;;15645108.39;9.59;1.75;-2.69;5.381.818.170,00
BMGB4;2.7;11.69;8.05;0.42;0.05;29.5;-0.51;3.95;-62.3;-62.3;;;0.32;;-0.05;;5.2;0.57;;0.11;0.89;0.15;13.33;0.08;1363240.89;6.44;0.34;-0.22;1574727509.7
BMOB3;13.7;1.48;15.1;1.22;0.88;27.67;11.03;10.24;14.03;8.1;-5.93;-0.52;1.55;2.17;-2.45;2.77;8.08;5.86;5.04;0.73;0.27;0.57;;;4657703.14;11.23;0.91;0.33;1245454560.4
BOAS3;6.55;1.21;16.5;1.72;1.4;51.84;5.18;22.01;70.11;46.38;-23.73;-0.58;3.63;2.84;-3.29;6.96;10.42;8.48;-1.28;0.81;0.19;0.39;6.65;;6990254.68;3.81;0.4;0.05;3483496305.35
BPAC11;25.87;2.04;15.51;2.4;0.26;19.56;23.33;17.48;11.62;11.62;;;2.71;7.98;-3.43;1.04;15.47;1.67;;0.11;0.89;0.1;5.25;6.21;210400026.04;10.78;1.67;-0.79;99221107512.45
BPAN4;7.41;3.29;13.22;1.35;0.18;55.59;8.86;6.49;9.68;9.68;;;0.86;;-0.18;;10.23;1.36;;0.13;0.87;0.21;1.4;;24337572.46;5.48;0.56;-1.2;9679925418.15
BRAP3;20.69;33.48;1.11;1.06;1.05;;;;1.12;1.08;-0.13;-0.12;;9.51;-1.19;17.83;95.29;94.65;94.33;0.99;0.01;0;;63.27;1846451.79;19.5;18.58;0.01;8684199358.82
BRAP4;22.85;33.35;1.23;1.17;1.16;;;;1.24;1.08;-0.13;-0.12;;10.51;-1.32;17.83;95.29;94.65;94.33;0.99;0.01;0;;63.27;64.861.227,00;19.5;18.58;0.01;8684199358.82
BRBI11;15.2;5.33;10.8;2.1;0.38;36.49;17.71;22.54;13.75;6.65;-7.1;-1.09;2.43;2.02;-44.48;1.24;19.47;3.56;0.77;0.18;0.82;0.16;;;1782374.96;7.23;1.41;0.51;1595934700.8
BRFS3;17.16;;-15.78;1.5;0.33;18.24;3.73;-2.36;10.01;17.11;7.09;1.06;0.37;2.71;-0.63;1.35;-9.48;-2.12;4.38;0.22;0.77;0.9;7.46;;129889374.61;11.48;-1.09;0.09;18575240901.36
BRIT3;2.99;0.04;70.78;0.99;0.47;41.09;9.09;2.43;18.91;26.66;7.75;0.41;1.72;7.03;-0.62;1.38;1.41;0.67;2.28;0.47;0.53;0.27;;;1145608.96;3.01;0.04;-1.33;1342793798.84
BRKM3;37.85;24.4;1.96;4.86;0.33;27.31;21.04;14.02;1.31;2.29;0.99;3.69;0.28;2.14;-0.57;1.56;247.82;16.61;45.75;0.07;0.93;1.18;17.25;;292494.57;7.78;19.29;0;29877152820.38
BRKM5;36.99;24.97;1.92;4.75;0.32;27.31;21.04;14.02;1.28;2.29;0.99;3.69;0.27;2.09;-0.55;1.56;247.82;16.61;45.75;0.07;0.93;1.18;17.25;;62158891.25;7.78;19.29;0;29877152820.38
BRML3;8.85;0.61;36.19;0.68;0.38;90.34;51.9;16.52;11.52;15.46;3.95;0.23;5.98;8.44;-0.42;1.85;1.87;1.04;3.66;0.56;0.42;0.06;-2.54;3.41;66523802.89;13.09;0.24;-0.23;7330223873.4
BRPR3;8.63;1.22;-337.57;0.58;0.36;100;58.52;-3.71;21.38;32.2;10.82;0.29;12.51;17.44;-0.4;1.31;-0.17;-0.11;1.55;0.63;0.37;0.03;-6.86;;15512926.5;14.92;-0.03;3.19;4091998185.11
BRSR6;10.84;10.84;5.62;0.49;0.04;49.55;8.92;8.79;5.54;5.81;;;0.49;0.61;-0.05;5.13;8.77;0.75;;0.09;0.91;0.09;-5.99;1.6;16726724.86;21.97;1.93;1.07;4648601413.73
CAML3;9.39;3.84;31.02;1.21;0.39;21;7.18;1.19;5.14;8.62;3.49;0.82;0.37;1.23;-1.07;2.01;3.89;1.26;9.39;0.32;0.68;1.06;12.75;-11.57;18260958.75;7.78;0.3;-0.41;3.380.400.000,00
CARD3;14.27;5.72;9.05;1.7;1.03;34.75;18.45;12.62;6.19;6.41;0.22;0.06;1.14;33.45;-1.45;1.12;18.79;11.41;15.68;0.61;0.39;0.9;1.99;13.55;1773879.61;8.39;1.58;0.41;596.486.000,00
CASH3;1.29;;-21.34;1.55;1.2;-30.21;-30.21;-16.1;-11.37;-5.86;5.51;-0.75;3.44;1.87;-4.37;8.57;-7.25;-5.63;-16.41;0.78;0.21;0.35;;;40645026.68;0.83;-0.06;0.06;1.036.734.300,00
CBAV3;12.11;2.38;5.92;1.32;0.59;26.08;34.42;36.54;6.29;7.54;1.25;0.26;2.16;2.62;-0.93;2.57;22.36;9.95;12;0.45;0.54;0.27;;;39930676.64;9.15;2.04;-0.02;7215541662.63
CCRO3;14.19;1.15;8.29;2.5;0.61;55.61;49.39;20.59;3.45;5.97;2.52;1.82;1.71;6.28;-0.76;1.97;30.14;7.33;14.53;0.24;0.75;0.36;4.14;15.08;93232686.07;5.68;1.71;0.02;28.663.800.000,00
CEAB3;3.03;;2.97;0.33;0.11;46.89;1.63;5.65;10.27;21.77;11.5;0.37;0.17;0.75;-0.2;1.52;11.14;3.81;-5.62;0.34;0.66;0.68;1.51;;11908728.68;9.17;1.02;-0.01;933982556.04
CESP6;25.25;;25.45;1.09;0.57;56.74;48.48;14.02;7.36;8.66;1.27;0.19;3.57;60.78;-0.62;1.13;4.28;2.26;9.55;0.53;0.47;0.16;6.56;-1.53;75751511.28;23.16;0.99;-0.31;8302192833.55
CGRA4;31.35;9.09;3.28;0.79;0.55;53.98;28.94;27.98;3.17;2.97;-0.19;-0.05;0.92;2.04;-1.03;2.33;23.93;16.66;18.15;0.7;0.3;0.6;9.46;23.58;292927.96;39.91;9.55;0.02;602.943.194,00
CIEL3;5.2;4.28;11.67;1.34;0.13;33.93;18.87;10.57;6.54;7.92;1.38;0.28;1.23;1.08;-1.03;1.17;11.45;1.15;8.48;0.1;0.87;0.11;-1.02;-21.29;117294895.96;3.89;0.45;0.25;14127438317.2
CLSA3;5.51;;-8.12;1.4;1.07;31.2;-34.55;-27.43;-6.45;-3.03;3.41;-0.74;2.23;1.7;-5.21;4.82;-17.25;-13.19;-20.22;0.76;0.24;0.48;;;4039816.79;3.93;-0.68;0.02;1035472590.6
CLSC4;55.98;10.6;5.07;0.74;0.18;12.89;7.31;4.77;3.31;5.14;1.98;0.45;0.24;3.83;-0.27;1.19;14.68;3.64;9.24;0.25;0.75;0.76;13.22;;416161.71;75.16;11.04;-0.17;2062503600.67
CMIG3;18.66;7.86;8.59;1.99;0.8;20.09;20.29;13.92;5.89;5.61;1.07;0.36;1.19;14.26;-1.07;1.3;23.15;9.37;17.89;0.4;0.6;0.67;12.38;70.27;11502379.75;9.39;2.17;0.2;31668918967.2
CMIG4;12.24;11.98;5.63;1.3;0.53;20.09;20.29;13.92;3.86;5.61;1.07;0.36;0.78;9.35;-0.7;1.3;23.15;9.37;17.89;0.4;0.6;0.67;12.38;70.27;77898311.04;9.39;2.17;0.13;31668918967.2
CMIN3;3.88;14.07;4.48;1.44;0.89;55.44;47.02;27.45;2.62;2.34;-0.28;-0.15;1.23;3.45;-1.49;2.73;32.21;19.74;31.76;0.61;0.39;0.72;;;28404167.93;2.69;0.87;-0.22;21283114691.44
COCE5;48.25;6.02;7.2;1.02;0.31;18.02;13.63;5.84;3.08;5.92;3.17;1.05;0.42;-9.71;-0.43;0.89;14.18;4.36;13.55;0.31;0.69;0.75;14.63;5.82;342906.54;47.25;6.7;0.35;3344063015.07
COGN3;2.63;;-12;0.39;0.17;60.12;3.92;-8.48;25.98;57.62;31.64;0.47;1.02;1.74;-0.23;1.69;-3.23;-1.45;0.53;0.45;0.52;0.17;-1.85;;64517335.25;6.78;-0.22;0.13;4935474332.3
CPFE3;33.93;16.04;7.97;2.41;0.59;24.7;19.99;12.2;4.86;7.15;2.29;1.13;0.97;11.26;-0.78;1.27;30.19;7.34;15.23;0.24;0.73;0.6;15.46;40.34;54733178.04;14.1;4.26;0.24;39095993149.2
CPLE11;34.89;16.46;5.71;0.93;0.39;19.93;19.24;13.7;4.06;6.03;1.97;0.45;0.78;7.4;-0.49;1.34;16.24;6.79;12.11;0.42;0.57;0.5;12.85;30.15;9.808.825,00;37.63;6.11;-1.15;19095672067.5
CPLE3;6.49;16.38;5.31;0.86;0.36;19.93;19.24;13.7;3.78;6.03;1.97;0.45;0.73;6.88;-0.45;1.34;16.24;6.79;12.11;0.42;0.57;0.5;12.85;30.15;4128092.04;7.53;1.22;-1.07;19095672067.5
CPLE6;7.15;16.36;5.85;0.95;0.4;19.93;19.24;13.7;4.16;6.03;1.97;0.45;0.8;7.58;-0.5;1.34;16.24;6.79;12.11;0.42;0.57;0.5;12.85;30.15;48172647.43;7.53;1.22;-1.18;19095672067.5
CRFB3;20.66;2.81;16.43;2.18;0.55;18.75;5.68;3.04;8.79;11.59;2.8;0.69;0.5;-15.34;-0.96;0.92;13.27;3.34;10.44;0.25;0.73;1.1;10.34;17.64;70284391.07;9.48;1.26;-1.1;43448950606.8
CSAN3;20.96;3.83;6.55;2.51;0.41;23.88;31.23;21.34;4.48;8.04;3.56;2;1.4;3.46;-0.55;1.89;38.31;6.24;11.39;0.16;0.68;0.29;26.99;42.06;91059866.18;8.35;3.2;0.02;39280526734.72
CSED3;3.95;3.32;21.51;1.03;0.31;47.86;17.09;3.74;4.71;4.89;0.18;0.04;0.81;2.26;-0.42;2.05;4.81;1.43;12.25;0.3;0.7;0.38;;;1407983.71;3.82;0.18;0;1.508.197.848,00
CSMG3;13.42;4.91;11.91;0.73;0.41;33.75;12.42;7.1;6.81;10.72;3.91;0.42;0.85;13.47;-0.49;1.21;6.1;3.43;6.3;0.56;0.44;0.48;7.89;-0.26;18661858.86;18.46;1.13;-0.21;5102996185.98
CSNA3;15.69;5.56;2.53;0.95;0.28;43.59;35.42;17.22;1.23;2.13;0.9;0.69;0.44;1.66;-0.48;1.65;37.59;10.95;21.67;0.29;0.67;0.64;22.81;;162729678.18;16.5;6.2;-0.12;20806414028.43
CURY3;9.28;7.4;8.48;4.18;0.93;37.18;20.66;15.99;6.56;5.88;-0.68;-0.43;1.36;3.56;-3.52;1.55;49.26;10.95;30.59;0.22;0.73;0.68;;;10.321.762,00;2.22;1.09;0.03;2708600816.64
CVCB3;7.06;;-4;3.98;0.41;100;-20.62;-44.26;-8.57;-9.52;-0.94;0.44;1.77;-2.41;-1.02;0.78;-99.7;-10.28;-22.18;0.1;0.9;0.23;-4.94;;93285044.32;1.77;-1.77;-0.01;1957366001.54
CXSE3;7.99;6.76;11.86;2.16;2.13;;;;10.29;9.88;-0.42;-0.09;;17.28;-2.46;13.42;18.18;18;17.96;0.99;0.01;0;;13.16;12350259.04;3.71;0.67;0.9;23.970.000.000,00
CYRE3;15.17;3.72;6.86;0.95;0.43;33.93;20.63;17.61;5.86;7.31;1.46;0.24;1.21;1.12;-0.97;3.13;13.9;6.22;8.81;0.45;0.51;0.35;8.44;42.32;79550614.86;15.9;2.21;-0.13;6064098260.83
DASA3;23.7;1.27;-75.02;1.75;0.54;30.09;2.9;-1.58;40.94;60.6;19.66;0.84;1.19;39.75;-0.75;1.05;-2.34;-0.72;1.33;0.31;0.69;0.46;27.93;;4166065.82;13.51;-0.32;-0.69;13285704856.8
DESK3;10.33;0.14;32.13;1.01;0.38;56.59;21.25;6.26;9.46;13.22;3.76;0.4;2.01;25.62;-0.51;1.06;3.15;1.17;5.12;0.37;0.62;0.19;;;2795610.46;10.22;0.32;-4.18;900568501.29
DEXP3;8.63;4.46;3.87;1.63;0.58;20.1;14.15;10.26;2.81;3.42;0.63;0.36;0.4;1.51;-1.8;2.29;42.21;14.91;28.2;0.35;0.57;1.45;32.29;31.86;1518225.54;5.28;2.23;0.09;807642851.85
DIRR3;12.94;3.63;12.1;1.42;0.34;35.71;18.38;8.04;5.29;5.97;0.68;0.18;0.97;0.83;-0.7;4.64;11.76;2.79;11.9;0.24;0.73;0.35;5.52;;19572879.57;9.09;1.07;0.71;1.941.000.000,00
DMMO3;1.6;;4.29;-1.78;3.07;62.67;96.5;86.85;3.86;3.72;-0.14;;3.73;35.28;-6.03;1.22;-41.51;71.49;-46.13;-1.72;2.72;0.82;-1.34;;16062111.54;-0.9;0.37;0.02;815496110.4
DMVF3;4.69;;72.91;0.29;0.16;32.02;0.23;0.27;86.77;75.14;-11.63;-0.04;0.2;4.51;-0.22;1.16;0.39;0.23;-1.87;0.58;0.42;0.84;;;433144.96;16.42;0.06;-0.28;237327328.98
DXCO3;11.26;11.37;6.97;1.49;0.56;34.9;16.51;14.01;5.92;8.38;2.47;0.62;0.98;4.8;-0.9;1.44;21.41;7.98;12.75;0.37;0.63;0.57;15.88;120.37;31854465.36;7.54;1.62;-1.07;8568442828.26
ECOR3;6.5;;28.15;2.13;0.28;33.97;28.33;3.2;3.18;9.39;6.21;4.16;0.9;-6.12;-0.32;0.69;7.57;1.01;9.77;0.13;0.85;0.32;10.46;;23599942.79;3.05;0.23;-0.19;4.526.172.456,00
EGIE3;42.8;5.84;19.9;4.41;0.88;52.09;43.85;14.37;6.52;9.56;3.04;2.06;2.86;15.68;-1.1;1.4;22.15;4.43;17.69;0.2;0.8;0.31;14.25;2.55;79277513.93;9.71;2.15;-0.77;34.921.707.272,00
ELET3;47.72;1.55;16.26;1.39;0.58;67.04;33.06;17.5;8.61;10.52;1.86;0.3;2.85;6.37;-0.74;1.71;8.57;3.57;6.43;0.42;0.58;0.2;-9.01;14.54;449435064.46;34.25;2.93;-1.4;110433584740.1
ELET6;49.93;3.08;17.01;1.46;0.61;67.04;33.06;17.5;9.01;10.52;1.86;0.3;2.98;6.67;-0.78;1.71;8.57;3.57;6.43;0.42;0.58;0.2;-9.01;14.54;138806995.07;34.25;2.93;-1.47;110433584740.1
ELMD3;12.46;;-1073.35;2.29;1.14;34.8;6.2;-0.35;60.27;61.77;1.49;0.06;3.74;6.1;-1.9;1.87;-0.21;-0.11;1.92;0.5;0.5;0.3;;;2163448.54;5.43;-0.01;10.93;1744197562.38
EMBR3;14.23;;-494.71;0.73;0.21;18.73;3.05;-0.1;16.93;28.44;11.51;0.5;0.52;0.74;-0.46;2.03;-0.15;-0.04;1.92;0.28;0.7;0.4;1.13;;72729378.21;19.39;-0.03;5.1;10536817576.12
ENAT3;18.16;9.41;3.54;1.21;0.79;38.07;100.8;60.44;2.12;1.33;-0.79;-0.45;2.14;2.61;-1.49;2.79;34.18;22.28;35.67;0.65;0.35;0.37;30.52;54.87;21434873.79;14.99;5.12;0;4827053394.8
ENBR3;22.89;9.58;5.98;1.18;0.37;24.72;22.66;11.65;3.08;5.56;2.49;0.96;0.7;3.46;-0.51;1.66;19.77;6.25;14.22;0.32;0.65;0.54;15.05;27.24;64011135.82;19.36;3.83;0.29;13302872984.52
ENEV3;15.58;;21.37;2.63;1.15;39.33;33.4;23.42;14.99;20.14;5.16;0.9;5;23.67;-1.35;1.47;12.3;5.37;7.37;0.44;0.56;0.23;18.85;;101061587.86;5.93;0.73;1.78;24681320442.22
ENGI11;45.16;6.31;6.54;1.84;0.31;23.61;19.39;8.99;3.04;6.52;3.48;2.11;0.59;8.07;-0.41;1.17;28.09;4.69;13.33;0.17;0.81;0.52;17.81;74.52;72106279.68;24.56;6.9;0.14;16389853227.68
ENJU3;1.5;;-2.54;0.75;0.66;27.09;-124.55;-105.1;-2.15;0.46;2.61;-0.91;2.67;0.86;-5.15;8.71;-29.44;-26;-34.89;0.88;0.12;0.25;;;2502769.89;2;-0.59;-0.03;300.364.776,00
EQTL3;25.37;2.52;7.3;1.78;0.41;29.55;20.94;15.11;5.27;9.54;4.27;1.44;1.1;3.64;-0.56;1.7;24.38;5.57;10.86;0.23;0.74;0.37;24.97;40.66;152741114.25;14.24;3.47;0.2;28641070421.45
ESPA3;2.85;2.87;6.13;0.96;0.32;37.6;27.76;15.18;3.35;7.14;3.78;1.09;0.93;3.62;-0.52;1.3;15.7;5.18;11.27;0.33;0.67;0.34;;;11615029.07;2.96;0.46;0.7;696071363.1
ETER3;12.6;5.04;3.33;1.24;0.73;38.6;26.38;20.93;2.64;2.26;-0.39;-0.18;0.7;1.39;-2.58;3.79;37.27;21.98;34.78;0.59;0.41;1.05;6.3;;10705386.25;10.16;3.79;-0.21;778.384.845,00
EUCA4;9.25;3.06;1.67;0.44;0.25;35.44;22.15;20.39;1.54;2.5;0.75;0.21;0.34;1.9;-0.38;1.62;26.15;14.9;18.8;0.57;0.43;0.73;16.44;72.53;232765.61;21.19;5.54;0.01;972.381.608,00
EVEN3;6.53;1.13;8.51;0.75;0.23;27.14;9.35;7.92;7.21;4.6;-2.61;-0.27;0.67;0.66;-0.85;1.9;8.84;2.69;5.09;0.3;0.57;0.34;5.48;144.33;6176668.96;8.68;0.77;0.05;1.384.360.000,00
EZTC3;18.84;3.04;9.01;0.95;0.82;44.94;33.34;43.98;11.89;9.63;-2.26;-0.18;3.97;2.24;-1.46;6.17;10.53;9.11;7.11;0.87;0.12;0.21;10.85;14.94;32528970.21;19.85;2.09;0.59;4163434700.52
FESA4;49.37;6.52;5.22;1.66;1.22;47.02;38.14;32.04;4.38;3.98;-0.38;-0.14;1.67;3.84;-2.15;3.72;31.82;23.33;29.72;0.73;0.27;0.73;16.87;64.38;7872299.79;29.75;9.47;0.01;4.330.329.600,00
FHER3;19.77;;1.33;1.64;0.4;20.59;17.21;16.79;1.29;1.7;0.4;0.51;0.22;1.17;-1.29;2;124.03;30.38;74.68;0.24;0.76;1.81;-3.75;79.42;6125360.86;12.02;14.91;0;1064758504.68
FIQE3;4.72;3.55;18.04;1.76;1.05;48.43;26.59;18.15;12.31;9.82;-2.49;-0.36;3.27;3.57;-2;2.65;9.74;5.85;8.19;0.6;0.4;0.32;;;2976571.54;2.69;0.26;0.25;1708874154.48
FLRY3;16.41;4.9;15.05;2.87;0.78;28.4;17.5;8.16;7.02;10.89;3.88;1.59;1.23;9.6;-1.07;1.41;19.08;5.15;11.14;0.27;0.73;0.63;13.06;8.67;32038638.46;5.72;1.09;-0.63;5217460974.36
FRAS3;13.4;2.12;20.21;3.27;1.17;28.5;9.69;6.76;14.11;16.49;2.39;0.55;1.37;4.6;-2.46;1.95;16.19;5.81;12.08;0.36;0.64;0.86;26.01;22.73;1368135.36;4.1;0.66;-0.75;3618218996.2
G2DI33;3.14;;0.64;0.32;0.29;1263.24;1130.11;1118.69;0.63;0.64;0.01;0.01;7.15;-29.76;-0.32;0.89;50.11;45.49;46.17;0.91;0.09;0.04;;;252244.96;9.81;4.91;;321341872.64
GETT11;4.55;9.29;15.23;2.43;0.15;39.25;18.54;16.99;13.95;;1.81;0.31;2.59;5.78;-4.01;1.03;15.97;0.98;9.36;0.06;0.94;0.06;;;3657303.18;1.87;0.3;0.19;
GFSA3;1.41;;6.96;0.26;0.1;27.33;25.79;8.11;2.19;6.96;4.77;0.57;0.56;0.28;-0.27;2.24;3.77;1.41;3.57;0.38;0.62;0.17;-2.22;;8830530.21;5.38;0.2;-0.02;475798475.07
GGBR3;20.85;15.88;2.2;0.76;0.46;26.33;26.35;18.95;1.58;2.02;0.21;0.1;0.42;1.77;-0.88;2.22;34.51;21.03;29.68;0.61;0.39;1.11;15.78;;1193632.96;27.52;9.5;0.02;41.080.786.956,00
GGBR4;25.41;13.03;2.68;0.92;0.56;26.33;26.35;18.95;1.92;2.02;0.21;0.1;0.51;2.16;-1.07;2.22;34.51;21.03;29.68;0.61;0.39;1.11;15.78;;305492210.21;27.52;9.5;0.03;41.080.786.956,00
GGPS3;14.31;1.31;23;4.2;1.42;16.33;9.26;5.78;14.37;14.93;0.56;0.16;1.33;4.78;-3.02;2.26;18.24;6.16;10.98;0.34;0.66;1.07;;;13659338.93;3.41;0.62;3.22;9583533428.85
GMAT3;4.93;;13.61;1.65;1.04;22.95;5.64;4.68;11.29;12.82;1.53;0.22;0.64;2.39;-2.7;3.44;12.12;7.65;10.76;0.63;0.36;1.63;;;27364559.75;2.99;0.36;3.95;10892076169.47
GNDI3;66.95;2.41;-3584.81;5.84;2.38;18.55;3.28;-0.1;104.45;109.34;4.9;0.27;3.42;79.65;-3.01;1.17;-0.16;-0.07;2.22;0.41;0.59;0.69;29.03;;614805285.2;11.47;-0.02;35.34;41526443086.05
GOAU3;10.12;23.91;2;0.68;0.14;26.33;26.28;6.39;0.49;0.68;0.18;0.25;0.13;0.53;-0.27;2.26;33.85;7.03;29.17;0.21;0.38;1.1;15.78;;2103518.04;14.95;5.06;0.02;11349524585.92
GOAU4;10.6;22.83;2.09;0.71;0.15;26.33;26.28;6.39;0.51;0.68;0.18;0.25;0.13;0.55;-0.28;2.26;33.85;7.03;29.17;0.21;0.38;1.1;15.78;;76904997.57;14.95;5.06;0.02;11349524585.92
GOLL4;10.56;;-6.06;-1.68;2.05;2.25;-23.16;-49.38;-12.92;-5.62;-3.93;;2.99;-3.55;-2.55;0.25;-27.67;-33.85;30.92;-1.22;2.22;0.69;-5.51;;105470950.61;-6.3;-1.74;-0.11;4419228116.16
GRND3;7.63;5.65;10.93;1.67;1.53;41.66;13.61;25.23;20.25;17.11;-3.15;-0.26;2.76;2.89;-3.83;8.67;15.28;14.03;6.48;0.92;0.08;0.56;2.75;-0.15;7647166.32;4.57;0.7;1.33;6.883.480.800,00
GUAR3;8.63;6.49;9.4;0.83;0.3;56.89;5.75;5.59;9.14;14.17;5.03;0.46;0.53;1.6;-0.77;1.46;8.87;3.24;2.29;0.37;0.63;0.58;4.05;7.61;9529621.75;10.34;0.92;0.12;4.308.096.000,00
HAPV3;6.84;0.25;294.93;0.99;0.67;27.3;2.1;1.34;187.95;212.74;24.79;0.13;3.94;108;-0.75;1.06;0.34;0.23;0.27;0.68;0.32;0.17;26.62;-18.37;293887040.61;6.88;0.02;-3.76;48853867681.44
HBOR3;3.15;5.74;4.99;0.31;0.09;27.54;14.45;9.2;3.18;10.77;7.59;0.75;0.46;0.24;-0.23;2.98;6.29;1.89;3.5;0.3;0.57;0.21;1;;2718790.68;10.03;0.63;0.07;421630876.8
HBRE3;5.15;;3.32;0.28;0.14;82.54;305.26;155.43;1.69;3.82;2.13;0.35;5.16;1.85;-0.16;2.23;8.47;4.23;8.1;0.5;0.38;0.03;;;281683.07;18.3;1.55;-0.01;531423252.15
HBSA3;2.73;;-16.89;1.56;0.35;31.18;19.1;-8.95;7.92;22.01;14.09;2.78;1.51;4.05;-0.43;1.92;-9.24;-2.08;3.41;0.23;0.77;0.23;23.22;;8617032.89;1.75;-0.16;0.7;2075844615.39
HGTX3;37.5;;101.99;3.57;2.48;40.58;-0.59;4.1;-707.65;-713.65;-5.99;0.03;4.18;7.5;-5.59;2.47;3.51;2.43;-7.32;0.69;0.31;0.59;-7.54;-26.63;109503605.67;10.49;0.37;-1.23;6095022637.5
HYPE3;43.05;2.87;20.09;2.67;1.3;63.32;32.94;20.42;12.45;15.44;2.99;0.64;4.1;9.77;-1.88;1.77;13.3;6.49;11.78;0.49;0.51;0.32;12.96;2.88;112839777.46;16.12;2.14;-3.65;27268766430.15
IFCM3;7.98;;-21.94;1.82;0.77;46.49;-10.89;-18.84;-37.95;-42.15;-4.21;0.2;4.13;-32.45;-1.14;0.93;-8.28;-3.49;-3.64;0.42;0.58;0.19;;;3856135.68;4.39;-0.36;0.01;2249869644.96
IGTA3;33;;-60.74;1.77;0.87;59.42;48.46;-9.61;12.05;15.65;3.6;0.53;5.84;7.25;-1.17;1.86;-2.92;-1.42;6.15;0.49;0.51;0.15;5.1;;70275318.31;18.61;-0.54;0.5;5.828.182.074,00
IGTI11;21.55;1.58;-72.21;2.49;1.17;59.45;45.1;-11.19;17.92;16.52;3.89;0.54;8.08;9.47;-1.61;1.8;-3.45;-1.62;5.16;0.47;0.53;0.14;5.11;;49888227.21;8.65;-0.3;0.51;5691549596.5
IGTI3;2.78;1.75;-27.95;0.96;0.45;59.45;45.1;-11.19;6.93;16.52;3.89;0.54;3.13;3.67;-0.62;1.8;-3.45;-1.62;5.16;0.47;0.53;0.14;5.11;;577896.46;2.88;-0.1;0.2;5691549596.5
INEP3;0.79;;0.11;-0.11;0.09;33.66;5523.07;4913.34;0.1;0.72;0.62;;5.52;-0.15;-0.1;0.1;-94.97;83.37;-313.35;-0.88;1.88;0.02;-18.75;;1829948.39;-7.4;7.03;0;140276997.8
INEP4;0.79;;0.11;-0.11;0.09;33.66;5523.07;4913.34;0.1;0.72;0.62;;5.52;-0.15;-0.1;0.1;-94.97;83.37;-313.35;-0.88;1.88;0.02;-18.75;;536675.89;-7.4;7.03;0;140276997.8
INTB3;28.43;1.28;24.14;4.54;2.33;28.64;10.47;10.88;25.06;24.76;-0.3;-0.06;2.63;6.28;-7.65;2.14;18.8;9.65;13.96;0.51;0.48;0.89;;;27263726.36;6.27;1.18;-1.27;9313983857.3
IRBR3;2.44;;-4.74;0.84;0.15;-22.15;-27.94;-8.32;-1.41;-1.41;;;0.39;-1.14;-0.38;0.83;-17.68;-3.12;;0.18;0.82;0.38;13.98;;33689711.25;2.91;-0.52;0.08;3093652410.08
ITSA3;9.53;5.55;6.14;1.28;0.98;35.29;172.39;160.69;5.72;5.98;0.33;0.07;9.86;23.96;-1.1;1.6;20.92;15.96;18.51;0.76;0.2;0.1;11.75;10.8;1125840.39;7.42;1.55;0.09;83119354918.57
ITSA4;9.35;5.66;6.02;1.26;0.96;35.29;172.39;160.69;5.61;5.98;0.33;0.07;9.68;23.51;-1.08;1.6;20.92;15.96;18.51;0.76;0.2;0.1;11.75;10.8;154751159.75;7.42;1.55;0.09;83119354918.57
ITUB3;22.46;2.62;8.22;1.4;0.1;59.36;17.62;12.1;5.65;6.12;;;1;;-0.1;;17.03;1.24;;0.07;0.92;0.1;2.26;4.37;9562863.86;16.04;2.73;-2.23;238663549324.17
ITUB4;26.27;2.24;9.62;1.64;0.12;59.36;17.62;12.1;6.6;6.12;;;1.16;;-0.12;;17.03;1.24;;0.07;0.92;0.1;2.26;4.37;752873707.29;16.04;2.73;-2.61;238663549324.17
JALL3;7.8;4.27;;1.73;0.61;0;0;0;;;;0.67;1.59;2.09;-1.16;2.58;0;0;;0.35;0.65;0.38;;;5314163.75;4.51;0;;2298637309.8
JBSS3;30.53;9.83;2.87;1.57;0.36;19.5;9.57;6.44;1.93;3.79;1.86;1.51;0.18;3.1;-0.59;1.41;54.61;12.46;21.44;0.23;0.75;1.94;15.53;151.68;199664438.39;19.47;10.63;0.03;67719092776.1
JHSF3;6.42;5.36;4.46;0.95;0.51;67.38;53.79;46.94;3.89;5.13;1.24;0.3;2.09;3.64;-0.66;2.57;21.27;11.41;16.42;0.54;0.45;0.24;39.13;;16014136.89;6.77;1.44;0.23;4361289233.22
JSLG3;6.47;5.8;9.26;1.37;0.26;15.98;11.8;3.82;3;8.52;5.52;2.53;0.35;1.73;-0.38;1.94;14.81;2.81;11.06;0.19;0.81;0.74;-8.01;;2883377.75;4.72;0.7;2.69;1853209074.66
KEPL3;21.48;3.92;6.91;3.48;1.55;34.09;25.3;18.08;4.94;4.66;-0.28;-0.2;1.25;6.68;-5.2;1.49;50.4;22.43;39.32;0.45;0.55;1.24;20.87;;14647629.14;6.17;3.11;0.02;1930194196.2
KLBN11;19.71;7.03;5.61;2.78;0.5;48.77;36.05;21.44;3.34;6.43;3.09;2.57;1.2;2.81;-0.72;2.45;49.48;8.91;13.75;0.18;0.78;0.42;18.37;9.71;127387910.86;7.1;3.51;0.07;22145733244.15
KLBN3;4.05;6.85;5.77;2.85;0.51;48.77;36.05;21.44;3.43;6.43;3.09;2.57;1.24;2.89;-0.74;2.45;49.48;8.91;13.75;0.18;0.78;0.42;18.37;9.71;1251869.46;1.42;0.7;0.07;22145733244.15
KLBN4;3.93;7.05;5.6;2.77;0.5;48.77;36.05;21.44;3.33;6.43;3.09;2.57;1.2;2.8;-0.71;2.45;49.48;8.91;13.75;0.18;0.78;0.42;18.37;9.71;5149885.89;1.42;0.7;0.07;22145733244.15
KRSA3;3.21;;-39.85;1.98;0.57;25.41;10.85;-4.08;14.99;25.6;10.61;1.4;1.63;-140.42;-0.75;0.98;-4.96;-1.43;3.59;0.29;0.69;0.35;;;470290.61;1.62;-0.08;0.12;2478862110.27
LAME3;6.6;;21.15;1.91;0.28;32.9;4.35;2.27;11.03;16.86;5.87;1.01;0.48;1.2;-0.66;1.72;9.02;1.34;2.89;0.15;0.63;0.59;3.5;18.61;19173026.13;3.46;0.31;-46.97;12391135396.59
LAME4;6.57;;21.06;1.9;0.28;32.9;4.35;2.27;10.98;16.86;5.87;1.01;0.48;1.19;-0.65;1.72;9.02;1.34;2.89;0.15;0.63;0.59;3.5;18.61;120311988.67;3.46;0.31;-46.75;12391135396.59
LAND3;27.95;0.73;116.55;3.93;2.78;92.97;58.27;21.03;42.05;41.98;-0.07;-0.01;24.51;-451.87;-2.93;0.9;3.37;2.38;6.96;0.71;0.29;0.11;;;1249234.21;7.11;0.24;-22.05;2689543587.9
LAVV3;5.76;13.63;6.32;0.97;0.65;40.62;27.45;29.39;6.77;3.74;-3.03;-0.43;1.86;1.15;-2.82;3.67;15.32;10.22;11.86;0.67;0.29;0.35;;;4312702.07;5.95;0.91;0.08;1149317867.52
LCAM3;24.15;6.08;10.12;2.42;0.65;41.45;29.33;14.6;5.04;8.43;3.4;1.63;1.48;20.46;-0.83;1.18;23.92;6.45;12.51;0.27;0.73;0.44;53.89;111.18;166957437.09;9.98;2.39;0.03;12285815275.65
LEVE3;25.61;16.41;5.83;1.85;1.09;26.54;19.21;15.36;4.66;4.49;-0.17;-0.07;0.9;4.07;-2.46;1.91;31.78;18.61;28.36;0.59;0.42;1.21;11.02;86.99;4323383.61;13.82;4.39;0.04;3.285.980.685,00
LIGT3;6.14;4.13;6.86;0.27;0.08;16.88;8.14;2.26;1.91;8.13;6.23;0.87;0.16;1.1;-0.12;1.33;3.87;1.2;2.98;0.31;0.69;0.53;9.08;;24990877.96;23.16;0.9;-0.22;2287489689.36
LJQQ3;8.16;1.5;58.79;2.91;0.6;36.16;5.76;1.18;12.08;13.27;1.2;0.29;0.7;2.21;-1.66;1.74;4.94;1.02;13.92;0.21;0.79;0.86;;;21156417.68;2.81;0.14;-0.82;1528288595.04
LLIS3;1.57;;-0.13;-0.18;0.07;54.02;-69.12;-91.77;-0.17;-2.85;-2.69;;0.11;-2;-0.1;0.9;-147.26;-56.31;-56.39;-0.38;1.38;0.61;-4.9;;422759.79;-8.52;-12.54;0;108095801.53
LOGG3;23.65;3.66;5.84;0.68;0.43;98.49;274.08;242.15;5.16;8.27;3.11;0.41;14.15;-21.82;-0.46;0.78;11.69;7.34;8.76;0.63;0.36;0.03;9.07;63.26;6192169.82;34.62;4.05;0.13;2416063992.1
LOGN3;36.9;;24.03;7.1;1.34;22.88;19.43;9.37;11.59;14.12;2.53;1.55;2.25;8.1;-2.1;1.83;29.53;5.56;16.93;0.19;0.81;0.59;11.96;11.68;6199671.11;5.2;1.54;7.83;3928989897.9
LPSB3;3.41;2.22;11.8;2.67;1.2;81.65;16.78;19.7;13.86;11.33;-2.53;-0.49;2.33;9.32;-1.81;1.63;22.67;10.19;15.24;0.45;0.56;0.52;8.4;;660100.64;1.27;0.29;0.02;503161291.71
LREN3;27.55;2.05;23.91;2.82;1.3;59.49;10.24;8.95;20.88;19.9;-0.98;-0.13;2.14;4.89;-3.64;1.71;11.81;5.44;8.94;0.46;0.54;0.61;10.38;12.77;327374884.21;9.75;1.15;0.09;27255327128.5
LUPA3;4.07;;7.28;0.9;0.24;25.98;-28.74;15.62;-3.96;-7.98;-4.03;0.91;1.14;0.89;-0.44;2.38;12.31;3.26;-13.16;0.26;0.74;0.21;-7.55;-6.87;2099844.21;4.54;0.56;-0.12;118889421.2
LVTC3;8.75;1.99;9.29;0.9;0.43;26.73;12.4;5.63;4.22;4.09;-0.13;-0.03;0.52;2.28;-0.92;1.55;9.66;4.64;18.63;0.48;0.52;0.82;;;1297349.11;9.75;0.94;-0.58;565801801.25
LWSA3;9.22;;-1922.22;1.86;1.18;45.51;0.75;-0.32;817.56;598.88;-218.69;-0.5;6.15;3.92;-2.25;2.75;-0.1;-0.06;-1.02;0.64;0.36;0.19;23.75;;114518632.32;4.96;0;15.91;5462946330.56
MATD3;9.8;0.92;25.49;2.26;0.84;38.2;22.27;12.89;14.76;16.06;1.3;0.2;3.29;3.84;-1.22;3.18;8.87;3.28;6.16;0.37;0.62;0.25;;;4.120.926,00;4.34;0.38;;3746832245.8
MBLY3;2.95;;-3.69;0.51;0.34;39.19;-11.68;-12.08;-3.81;-3.48;0.34;-0.05;0.45;0.74;-0.9;3.74;-13.84;-9.16;-10.38;0.66;0.34;0.76;;;3010173.29;5.78;-0.8;-0.07;314145216.8
MDIA3;32.85;5.93;21.1;1.76;1.12;27.94;5.2;6.43;26.06;27.95;1.9;0.13;1.36;4.38;-1.86;2.77;8.36;5.29;3.35;0.63;0.37;0.82;7.96;-7.62;33967647.86;18.62;1.56;-1.19;11.136.150.000,00
MDNE3;6.5;;6.19;0.5;0.21;38.65;11.03;14.15;7.94;6.64;-1.3;-0.08;0.88;0.97;-0.35;2.19;8.12;3.41;4.47;0.42;0.58;0.24;0.55;;921388.79;12.93;1.05;-0.02;551910937.5
MEAL3;2.07;;-9.02;0.58;0.22;31.85;1.33;-3.26;22.05;33.04;10.99;0.29;0.29;5.13;-0.28;1.24;-6.43;-2.39;1.19;0.37;0.63;0.73;3.75;;3388779.61;3.57;-0.23;0.1;592784927.1
MEGA3;12.29;;-72.99;1.66;0.53;19.8;14.46;-17.96;90.66;157.13;66.48;1.22;13.11;14.97;-0.64;1.26;-2.28;-0.73;0.62;0.32;0.68;0.04;;;32.347.583,00;7.39;-0.17;;7000363942.72
MELK3;4.23;9.4;9.72;0.75;0.44;25.26;8.46;11.12;12.78;7.69;-5.09;-0.3;1.08;0.82;-3.21;2.67;7.69;4.54;4.31;0.59;0.38;0.41;;;657088.14;5.66;0.44;0.14;879710312.43
MGLU3;3.29;;130.06;2;0.66;24.72;0.08;0.48;799.08;976.14;177.06;0.44;0.62;2.55;-1.57;1.8;1.54;0.51;-5.86;0.33;0.67;1.06;29.98;14.55;542856664.21;1.65;0.03;-1.8;22203969329.92
MILS3;8.54;3.58;15.46;1.86;1.18;58.38;23.53;16.6;10.91;10.68;-0.24;-0.04;2.57;3.26;-2.22;4.4;12.04;7.63;8.63;0.63;0.36;0.46;13.23;;7842944.21;4.59;0.55;0;2102410130.24
MLAS3;4.85;2.54;5.29;0.95;0.63;26.24;15.05;17.02;5.98;5.99;0.01;0;0.9;1.07;-3.86;3.36;17.99;11.86;12.72;0.66;0.34;0.7;;;5879533.68;5.09;0.92;0.32;3979615241.25
MOAR3;462.01;9.72;11.36;6.11;2.63;12.17;83518.26;81979.61;11.15;11.37;0.23;0.13;9309.52;9.63;-4.31;3.34;53.79;23.17;26.16;0.43;0.57;0;-16.12;18.74;416667.82;75.64;40.68;0.09;5660186614.21
MODL11;8.48;4.44;18.69;1.51;0.26;63.28;14.33;8.02;10.47;10.47;;;1.5;;-0.32;;8.09;1.42;;0.17;0.83;0.18;;;5158440.86;5.61;0.45;0.25;1990538666.67
MOSI3;8.24;;32.29;1.56;1.46;89.47;6.23;14.75;76.45;36.94;-39.51;-0.81;4.76;1.91;-8.4;13.23;4.84;4.52;0.25;0.93;0.07;0.31;;;6.097.270,00;5.27;0.26;;1043149227.2
MOVI3;14.47;9.31;5.34;1.84;0.22;43.58;31.93;12.92;2.16;6.34;4.17;3.54;0.69;1.46;-0.34;1.8;34.36;4.2;10.75;0.12;0.88;0.32;23.01;89.92;36080595.64;7.88;2.71;0.06;5242511184.42
MRFG3;12.99;24.87;2.15;2.67;0.18;20.37;15.12;4.61;0.66;2.24;1.59;6.46;0.1;1.87;-0.33;1.29;124.16;8.59;28.07;0.07;0.89;1.86;35.31;;102951717.43;4.86;6.03;0.18;8980895169.87
MRVE3;11.38;3.16;7.44;0.91;0.26;24.01;15.46;10.28;4.94;9.24;4.29;0.79;0.76;0.87;-0.51;2.71;12.28;3.54;6.39;0.29;0.69;0.34;10.87;5.83;85994851.43;12.46;1.53;0.28;5499189138.82
MTRE3;6.39;4.46;15.48;0.69;0.42;34.35;8.98;6.96;12;10.76;-1.24;-0.07;1.08;0.75;-2.1;3.37;4.43;2.71;3.83;0.61;0.38;0.39;57.62;150.7;2136419.68;9.32;0.41;7.51;675901099.8
MULT3;25.95;2.88;23.72;2.41;1.44;80.14;54.31;41.07;17.94;20.28;2.34;0.31;9.74;170.2;-1.7;1.06;10.14;6.09;9.06;0.6;0.4;0.15;3.03;16.07;92616383.82;10.78;1.09;-1.02;15589744706.25
MYPK3;18.5;8.86;4.4;0.79;0.21;12.85;9.97;4.35;1.92;4.83;2.91;1.2;0.19;1.62;-0.43;1.34;17.95;4.77;11.76;0.27;0.71;1.09;14.96;97.43;21407618.36;23.4;4.2;-0.02;2843812618.5
NEOE3;16.6;4.81;4.79;0.79;0.22;28.43;21.16;9.3;2.11;5.79;3.68;1.38;0.45;4.59;-0.3;1.25;16.5;4.66;11.59;0.28;0.71;0.5;23.82;69.22;32467708.61;20.98;3.46;0.48;20149034316.8
NGRD3;2.01;0.74;373.32;1.07;0.67;64.89;2.55;0.5;73.15;45.3;-27.85;-0.41;1.87;2.24;-1.23;2.82;0.29;0.18;0.37;0.62;0.38;0.36;;;1371555.32;1.88;0.01;-3.95;479711283.3
NINJ3;3.47;;-4.45;0.61;0.57;91.86;-91.35;-62.19;-3.03;2.02;5.05;-1.02;2.77;0.63;-23.41;14.53;-13.72;-12.8;-20.16;0.93;0.07;0.21;;;747829.18;5.68;-0.78;-0.01;174279407.11
NTCO3;16.19;0.81;39.98;0.94;0.43;65.01;2.19;1.44;26.28;34.89;8.6;0.31;0.57;48.32;-0.6;1.03;2.35;1.07;-0.57;0.46;0.54;0.75;38.39;13.55;161910593.36;17.22;0.4;0.01;22.392.197.958,00
ODPV3;9.68;2.94;12.34;4.73;2.69;62.06;30.61;24.11;9.72;9.27;-0.45;-0.22;2.98;-29.49;-3.61;0.74;38.37;21.83;31.72;0.57;0.43;0.91;6.18;15.61;8610719.68;2.04;0.78;0.55;5502748973.04
OFSA3;22.4;2.4;10.79;1.78;0.93;49.27;14.7;11.88;8.72;10.39;1.67;0.34;1.28;2.1;-2.51;3.45;16.48;8.66;11.83;0.53;0.47;0.73;14.66;;268939.32;12.6;2.08;-1.94;1208457734.4
OIBR3;0.62;;-1.27;3.95;0.05;7.55;-23.76;-30.1;-1.61;-12.83;-11.19;27.57;0.38;0.22;-0.13;1.65;-312.03;-4.1;-14.66;0.01;0.99;0.14;-16.61;;31077645.75;0.16;-0.49;0.02;4179055934.72
OIBR4;1.16;;-2.37;7.4;0.1;7.55;-23.76;-30.1;-3;-12.83;-11.19;27.57;0.71;0.4;-0.25;1.65;-312.03;-4.1;-14.66;0.01;0.99;0.14;-16.61;;903638.64;0.16;-0.49;0.04;4179055934.72
OMGE3;27.57;;17.56;1.34;0.45;30.64;61.55;16.27;4.64;8.72;4.08;1.18;2.86;9.8;-0.54;1.38;7.66;2.55;10.08;0.33;0.67;0.16;55.45;100.39;49236324.19;20.5;1.57;0.01;5521562588.85
ONCO3;5.81;;-42.94;1.58;0.46;32.65;6.71;-2.33;14.89;19.83;4.94;0.53;1;2.29;-0.77;1.99;-3.69;-1.07;2.07;0.29;0.63;0.46;;;9966553.89;3.67;-0.14;0.84;2894456691.77
OPCT3;2.45;;-13.46;0.63;0.22;16.79;2.66;-3.6;18.23;48.78;30.55;1.06;0.48;1.94;-0.31;1.63;-4.7;-1.62;0.3;0.34;0.66;0.45;;;2077480.39;3.87;-0.18;-0.26;489900907.3
ORVR3;32.6;;-65.48;6.95;1.91;41.31;25.83;-7.96;20.18;25;4.82;1.66;5.21;8.37;-3.17;2.36;-10.61;-2.92;8.45;0.28;0.71;0.37;;;12285520.82;4.69;-0.5;3.47;2.330.899.022,00
PARD3;20.8;1.98;11.98;2.96;1.15;31.37;18.81;11.09;7.06;7.28;0.22;0.09;1.33;36.54;-1.74;1.1;24.66;9.57;23.69;0.39;0.61;0.86;17.16;17.2;7784919.04;7.04;1.74;0.29;2.724.354.776,00
PCAR3;17.47;2.03;2.46;0.33;0.1;25.26;3.1;4.06;3.23;6.36;3.13;0.32;0.1;5.64;-0.15;1.06;13.41;4.15;3.26;0.31;0.64;1.02;4.35;;42.333.268,00;52.92;7.09;-0.29;4710561237.61
PDGR3;0.99;;0.4;-0.01;0.05;20.38;-105.42;40.08;-0.15;-3.01;-2.85;;0.16;-0.03;-0.22;0.32;-2.73;11.41;17.5;-4.18;5.23;0.28;11.86;;467280.64;-90.93;2.48;0;55572122.43
PETR3;39.74;45.99;3.21;1.26;0.52;50.89;50.42;28.42;1.81;2.39;0.63;0.44;0.91;9.67;-0.66;1.31;39.35;16.08;30.9;0.41;0.59;0.57;9.88;;494324929.39;31.47;12.38;0.06;503598915037.88
PETR4;37.1;49.27;3;1.18;0.48;50.89;50.42;28.42;1.69;2.39;0.63;0.44;0.85;9.02;-0.62;1.31;39.35;16.08;30.9;0.41;0.59;0.57;9.88;;2089673154.93;31.47;12.38;0.05;503598915037.88
PETZ3;11.25;0.46;74.45;2.94;1.52;48.38;6.98;3.06;32.67;30.61;-2.06;-0.19;2.28;8.49;-2.4;1.95;3.94;2.04;6.96;0.52;0.48;0.66;;;118391837.32;3.83;0.15;1.92;5192894756.25
PFRM3;3.7;7.31;7.27;0.42;0.1;14.13;2.03;0.95;3.4;7.69;4.29;0.53;0.07;0.56;-0.32;1.36;5.74;1.4;4.96;0.24;0.68;1.48;9.44;;582169.64;8.87;0.51;1.69;458107260.1
PGMN3;5.21;;18.07;1.06;0.36;32.19;4.53;1.62;6.47;8.28;1.81;0.3;0.29;1.99;-0.73;1.55;5.89;1.99;10.23;0.34;0.66;1.23;6.32;25.12;5441301.64;4.9;0.29;-0.55;2312099333.02
PLPL3;2.83;5.7;5.4;1.74;0.42;29.7;10.76;8.4;4.21;5.2;0.99;0.41;0.45;0.59;-3.84;4.9;32.25;7.78;14.56;0.24;0.76;0.93;;;1474776.36;1.63;0.52;-0.16;578.044.480,00
PMAM3;8.65;;-1.64;-0.49;0.13;0.88;-7.29;-5.43;-1.22;-10.07;-8.85;;0.09;-2.19;-0.19;0.84;-29.88;-7.97;-15.92;-0.27;1.27;1.47;0.55;;603459.25;-17.67;-5.28;0.02;375443293.85
PNVL3;12.32;1.42;23.23;1.74;0.75;30.55;3.03;2.36;18.12;24.25;6.14;0.59;0.55;3.26;-1.77;1.65;7.47;3.21;5.25;0.43;0.57;1.36;8.67;8.49;5902092.07;7.1;0.53;0.81;1852650565.92
POMO4;2.6;1.42;7.97;0.82;0.35;11.1;4.19;7.81;14.87;21.91;7.82;0.43;0.62;1.72;-0.75;1.61;10.33;4.38;1.55;0.42;0.57;0.56;6.33;7.07;9034283.43;3.16;0.33;0.63;2332103710.48
PORT3;9.03;4.95;12.03;1.79;0.75;43.22;24.93;15.28;7.37;11.29;3.92;0.95;1.84;27.36;-0.89;1.2;14.84;6.22;9.52;0.42;0.58;0.41;6.17;2.45;2422379.93;5.06;0.75;0.13;3.972.916.458,00
POSI3;8.57;3.97;7.01;1.1;0.29;21.95;10.11;4.66;3.23;4.96;1.73;0.59;0.33;0.85;-1.91;1.69;15.74;4.18;15.56;0.27;0.73;0.9;14.02;81.35;11241005.25;7.77;1.22;-0.25;1.215.226.000,00
POWE3;10.9;;23.92;0.99;0.38;6.82;3.52;2.59;17.55;10.6;-6.96;-0.39;0.62;6.57;-0.74;1.13;4.13;1.58;3.81;0.38;0.62;0.61;;;5388846.38;11.02;0.46;-1.77;977237930.4
PRIO3;24.76;;8.14;2.67;1.34;62.47;54.83;43.88;6.51;6.54;0.03;0.01;3.57;3.12;-2.63;8.2;32.87;16.49;22.43;0.5;0.5;0.38;61.68;61.88;368882528.5;9.26;3.04;0.04;21854324492.6
PRNR3;5.41;1.73;10.32;0.9;0.51;17.47;6.33;4.21;6.87;7.2;0.33;0.04;0.43;2.45;-1.07;1.68;8.7;4.97;8.24;0.57;0.43;1.18;16.24;26.61;662327.86;6.03;0.52;-0.03;210493670.37
PSSA3;21.67;3.34;15.58;1.49;0.31;100;2.01;3.74;28.99;9.52;-19.47;-1;0.58;5.15;-0.85;1.1;9.56;1.96;4.32;0.2;0.8;0.52;5.64;-0.36;29413330.5;14.55;1.39;-0.32;14011519920.2
PTBL3;9.51;7.66;5.91;2.96;0.6;44.48;16.15;10.64;3.89;5.46;1.57;1.19;0.63;5.63;-1.12;1.3;50.09;10.23;25.45;0.2;0.8;0.96;13.47;154.54;5276427.18;3.22;1.61;0.09;1340785285.86
QUAL3;11.59;2.2;10.12;2.45;0.75;79.79;29.18;15.68;5.43;7.66;2.22;1;1.59;-2.52;-1.03;0.48;24.23;7.39;13.29;0.31;0.69;0.47;1.31;-4.27;31602482.54;4.73;1.15;-0.4;3291726026.75
RADL3;22.48;1.11;45.27;7.41;2.3;30.38;5.82;3.11;24.17;25.18;1.01;0.31;1.41;11.44;-5.14;1.57;16.36;5.07;18.28;0.31;0.69;1.63;16.47;12.88;125080461.89;3.04;0.5;4.38;37.135.386.400,00
RAIL3;18.47;0.1;-387.66;2.33;0.77;27.76;20.17;-1.12;21.49;28.19;6.7;0.73;4.34;7.79;-0.97;1.87;-0.6;-0.2;4.9;0.33;0.67;0.18;11.53;;130867816.07;7.93;-0.05;3.46;34246312869.77
RAIZ4;5.2;1.27;17.1;2.42;0.54;6.12;3.23;1.65;8.72;12.69;3.96;1.1;0.28;8.12;-1.01;1.16;14.15;3.14;9.49;0.22;0.78;1.91;;;40613089.43;2.15;0.3;0.08;53833049316.8
RANI3;7.08;9.11;5.08;1.76;0.69;44.91;31.8;21.25;3.4;4.56;1.16;0.6;1.08;3.07;-1.07;2.79;34.64;13.6;19.31;0.39;0.61;0.64;15.63;;9103167.36;4.02;1.39;0.05;1817579263.8
RAPT4;11.25;6.44;5.34;1.41;0.33;24.95;11.93;7.21;3.23;5.6;2.57;1.12;0.39;1.16;-0.9;1.83;26.43;6.24;12.66;0.24;0.7;0.87;28.12;;21451947.93;7.97;2.11;-0.42;3487084460.76
RCSL3;3.38;;-78.42;-3.48;2.01;12.93;2.35;-2.46;82.3;45.14;-0.41;;1.93;25.19;-3.66;1.21;-4.43;-2.56;-4.07;-0.58;1.58;1.04;;;1887590.32;-0.97;-0.04;0;70921130.82
RCSL4;1.11;;-25.75;-1.14;0.66;12.93;2.35;-2.46;27.03;45.14;-0.41;;0.63;8.27;-1.2;1.21;-4.43;-2.56;-4.07;-0.58;1.58;1.04;;;482493.54;-0.97;-0.04;0;70921130.82
RDOR3;35.65;3.88;50.7;5.28;1.39;22.42;17.1;6.72;19.92;24.05;4.13;1.09;3.41;5.1;-2.33;3.07;10.4;2.74;8.15;0.26;0.71;0.41;;;139547966.25;6.76;0.7;0.48;71669589075.75
RECV3;26.05;0.63;12.88;3.65;1.51;43.36;37.3;39.49;13.64;13.47;-0.16;-0.04;5.09;-28.32;-1.97;0.81;28.37;11.72;13.59;0.41;0.59;0.3;;;33166878.96;7.13;2.02;;7621711292.4
RENT3;63.21;1.32;29.83;7.72;2.32;45.36;32.06;19.22;17.88;20.24;2.35;1.01;5.73;16.88;-3.29;1.87;25.87;7.78;11.88;0.3;0.7;0.4;19.68;38.41;345279117.14;8.19;2.12;0.5;62019503302.47
RNEW3;2.89;;-58.64;-0.44;0.14;5.64;298.74;-5.26;1.03;4.42;3.38;;3.08;-3.21;-0.19;0.85;-0.75;-0.24;58.9;-0.33;1.33;0.05;-27.95;;213373.04;-6.59;-0.05;0.52;318222006.19
RNEW4;2.92;;-59.24;-0.44;0.14;5.64;298.74;-5.26;1.04;4.42;3.38;;3.12;-3.24;-0.2;0.85;-0.75;-0.24;58.9;-0.33;1.33;0.05;-27.95;;429434.96;-6.59;-0.05;0.53;318222006.19
ROMI3;14.4;6.78;5.19;1.09;0.52;30.48;13.57;13.88;5.31;7.63;2.33;0.48;0.72;1.77;-1.33;1.94;20.97;10.06;12.61;0.48;0.52;0.72;18.71;;4218038.5;13.24;2.78;0.54;1056008476.8
RRRP3;34.4;;-27.98;1.83;1.33;57.2;50.77;-25.67;14.15;10.98;-3.17;-0.41;7.18;5.85;-2.11;2.62;-6.55;-4.76;12.32;0.73;0.27;0.19;;;143572325.75;18.76;-1.23;2.94;6969201883.2
RSID3;3.34;;-0.22;-0.08;0.07;-196.81;-1641.88;-1303.6;-0.18;-1.73;-1.55;;2.91;-0.07;-0.14;0.31;-36.36;-32.83;177.44;-0.9;1.9;0.03;-35.64;;399859.25;-41.13;-14.96;0;66.800.000,00
SANB11;30.25;7.05;7.6;1.05;0.12;30.3;15.31;13.58;6.74;6.74;;;1.03;;-0.12;;13.85;1.54;;0.11;0.89;0.11;0.22;15.28;72153720.07;28.75;3.98;-0.98;113415282146.38
SANB3;14.4;7.05;7.23;1;0.11;30.3;15.31;13.58;6.41;6.74;;;0.98;;-0.11;;13.85;1.54;;0.11;0.89;0.11;0.22;15.28;2975209.82;14.38;1.99;-0.93;113415282146.38
SANB4;15.98;6.99;8.03;1.11;0.12;30.3;15.31;13.58;7.12;6.74;;;1.09;;-0.13;;13.85;1.54;;0.11;0.89;0.11;0.22;15.28;3527543.25;14.38;1.99;-1.03;113415282146.38
SAPR11;18.16;6.4;4.88;0.67;0.35;57.75;32.78;20.56;3.06;5.07;2.01;0.44;1;5.44;-0.41;1.71;13.83;7.18;10.83;0.52;0.48;0.35;8.4;12.41;20328260.21;26.91;3.72;0.56;5488698445.01
SAPR3;3.47;6.2;4.66;0.64;0.33;57.75;32.78;20.56;2.92;5.07;2.01;0.44;0.96;5.2;-0.4;1.71;13.83;7.18;10.83;0.52;0.48;0.35;8.4;12.41;996663.18;5.38;0.74;0.53;5488698445.01
SAPR4;3.71;6.38;4.98;0.69;0.36;57.75;32.78;20.56;3.13;5.07;2.01;0.44;1.02;5.56;-0.42;1.71;13.83;7.18;10.83;0.52;0.48;0.35;8.4;12.41;6973021.36;5.38;0.74;0.57;5488698445.01
SBFG3;22.32;0.53;9.72;2.39;0.73;46.34;8.55;9.35;10.63;14.76;4.12;0.93;0.91;3.25;-1.42;1.85;24.6;7.49;5.88;0.3;0.7;0.8;22.57;;29975148.21;9.34;2.3;-0.01;5437065800.16
SBSP3;47.24;2;11.6;1.25;0.6;34.63;20.96;14.15;7.82;11.27;3.45;0.55;1.64;18.09;-0.69;1.34;10.75;5.15;6.93;0.48;0.52;0.36;6.69;-1.13;91946438.54;37.9;4.07;0.38;32289006211.56
SEER3;6.45;1.91;202.7;0.58;0.25;53.42;10.65;0.28;5.26;7.79;2.52;0.28;0.56;17.06;-0.31;1.09;0.28;0.12;7.66;0.43;0.57;0.44;4.57;-55.34;3216946.89;11.22;0.03;-2.07;830.254.062,00
SEQL3;7.33;;-35.37;1.8;0.52;17.82;3.35;-1.77;18.71;27.93;9.23;0.89;0.63;7.2;-0.77;1.29;-5.08;-1.48;4.01;0.29;0.71;0.84;;;18571282.43;4.08;-0.21;-0.02;1028182567.09
SHOW3;2.67;;-3.85;1.3;0.32;18.76;-13.68;-22.62;-6.36;-4.55;1.82;-0.37;0.87;2.44;-0.89;1.25;-33.89;-8.26;-10.78;0.24;0.75;0.37;-47.6;;580879.68;2.05;-0.69;0.07;179991719.43
SHUL4;4.5;4.17;7.9;1.71;0.74;22.21;14.47;11.45;6.25;71.65;1.66;0.45;0.9;1.74;-2.09;2.97;21.64;9.38;13.79;0.43;0.57;0.82;24.09;46.02;792839.36;2.63;0.57;0.24;18005862435.96
SIMH3;11.52;5.39;12.8;3.67;0.18;33.36;23.76;4.16;2.24;7.35;5.11;8.37;0.53;0.75;-0.31;2.42;28.66;1.42;8.93;0.05;0.91;0.34;16.28;;22039860.36;3.14;0.9;0.28;9658459111.68
SLCE3;44.18;5.49;6.41;2;0.63;36.69;31.78;17.74;3.58;4.29;0.72;0.4;1.14;3.08;-1.2;1.73;31.18;9.76;25.2;0.31;0.67;0.55;30.68;117.7;68970496.64;22.11;6.89;0.06;9384830423.82
SMFT3;13.82;;-18.4;1.96;0.75;20.93;-5.24;-19.12;-67.07;-69.18;-2.11;0.06;3.52;4.43;-1.07;2.27;-10.66;-4.07;-1.83;0.38;0.62;0.21;21.63;;19499221.21;7.05;-0.75;0.55;8101868433.98
SMTO3;34.19;6.42;8;2.25;0.67;40.95;41.7;24.67;4.73;7.22;2.49;1.18;1.97;4.46;-0.99;1.89;28.1;8.42;14.79;0.3;0.7;0.34;16.99;39.74;41231524.68;15.2;4.27;0.16;12103647338.51
SOJA3;11.45;0.35;10.85;2.08;1.35;14.2;11.48;11.19;10.57;10.43;-0.15;-0.03;1.21;3.23;-4.6;2.44;19.15;12.44;15.69;0.65;0.35;1.11;;;1884765.11;5.51;1.06;0.12;1341256732.7
SOMA3;11.95;0.76;28.64;1.31;0.91;56.5;6.9;9.48;39.34;43.09;3.75;0.12;2.71;5.84;-1.3;2.14;4.57;3.19;1.3;0.7;0.3;0.34;;;48983127.25;9.14;0.42;-0.01;9377731107.35
SQIA3;19.68;0.34;54.52;2.22;1.2;39.63;9.38;7.5;43.62;47.2;3.59;0.18;4.09;-75.92;-1.35;0.88;4.08;2.19;3.27;0.54;0.46;0.29;33.05;30.83;8242197.11;8.85;0.36;0.11;1730698008.96
STBP3;7.47;4.01;19.26;2.87;1.36;42.35;26.6;20.19;14.61;13.01;-1.6;-0.31;3.89;8.25;-1.88;2.47;14.9;7.05;12.38;0.47;0.53;0.35;13.09;;20174141.11;2.6;0.39;0.02;6451483472.82
SULA11;26.46;0.85;37.18;1.38;0.38;5.36;-2.49;1.47;-21.9;6;27.9;-1.76;0.55;1.03;-1.18;2.24;3.72;1.03;-8.1;0.28;0.72;0.7;4.58;-15.3;70674026.04;19.14;0.71;-0.43;11267848204.2
SUZB3;48.91;2.73;5.63;2.77;0.54;48.16;39.87;27.2;3.84;7.02;3.18;2.29;1.53;2.96;-0.76;2.87;49.16;9.64;16.41;0.2;0.8;0.35;32.9;47.54;235637549.29;17.68;8.69;-3.32;66579401893.44
SYNE3;4.36;199.84;0.54;0.43;0.15;69.87;68.45;52.92;0.42;0.79;0.37;0.38;0.29;0.9;-0.19;4.43;79.85;27.77;38.27;0.35;0.4;0.52;40.5;;2029173.79;10.11;8.07;0;665529780.2
TAEE11;43.09;8.91;6.69;2.05;0.85;84.47;102.9;66.02;4.29;6.1;1.8;0.86;4.42;7.84;-1.06;2.32;30.61;12.75;20.58;0.42;0.58;0.19;20.07;20.8;70963555.64;21.03;6.44;-0.69;14844457902.63
TAEE3;14.41;8.89;6.72;2.06;0.86;84.47;102.9;66.02;4.31;6.1;1.8;0.86;4.43;7.86;-1.06;2.32;30.61;12.75;20.58;0.42;0.58;0.19;20.07;20.8;741902.32;7.01;2.15;-0.7;14844457902.63
TAEE4;14.39;8.9;6.71;2.05;0.86;84.47;102.9;66.02;4.3;6.1;1.8;0.86;4.43;7.85;-1.06;2.32;30.61;12.75;20.58;0.42;0.58;0.19;20.07;20.8;1403650.64;7.01;2.15;-0.7;14844457902.63
TASA3;18.73;8.67;3.4;2.45;1.05;49.25;35.9;23.56;2.23;2.56;0.32;0.35;0.8;4.73;-3.2;1.5;72.2;31;48.02;0.43;0.57;1.32;26.98;;414542.5;7.64;5.52;0.85;2281296498.32
TASA4;18.85;8.62;3.42;2.47;1.06;49.25;35.9;23.56;2.24;2.56;0.32;0.35;0.81;4.76;-3.22;1.5;72.2;31;48.02;0.43;0.57;1.32;26.98;;8825743.54;7.64;5.52;0.85;2281296498.32
TCSA3;3.33;;-1.48;0.42;0.16;4.93;-69.25;-102.63;-2.2;-5.72;-3.52;0.67;1.52;0.45;-0.32;3.14;-28.36;-10.58;-9.31;0.37;0.57;0.1;-15.57;;898134.43;7.92;-2.25;-0.06;245152035.9
TECN3;2.5;3.24;5.45;0.55;0.3;52.73;16.33;9.71;3.24;4.23;0.99;0.17;0.53;0.6;-0.84;4.27;10.15;5.46;11.51;0.54;0.46;0.56;-2.72;;1430327.11;4.52;0.46;0.02;186265537.5
TEND3;5.45;;-1.84;0.55;0.13;10.95;-12.29;-12.64;-1.89;-4.09;-2.2;0.64;0.23;0.72;-0.26;1.55;-29.7;-7.01;-13.66;0.24;0.76;0.55;19.26;;20647454.96;9.98;-2.96;0.01;568676140.7
TFCO4;11;1.13;116.15;36.28;21.56;59.33;22.8;18.6;94.76;16.03;0.09;0.03;21.6;41.11;-90.76;3.2;31.24;18.56;24.94;0.59;0.41;1;;;3186190.93;0.3;0.09;0.69;1756898016.5
TGMA3;16.5;5.89;9.65;1.54;1.1;18.25;11.91;10.43;8.45;8.55;0.1;0.02;1.01;3.73;-2.02;2.88;15.95;11.44;13.69;0.72;0.28;1.1;1.74;52.18;3283284.14;10.72;1.71;1.03;1089048097.5
TIMS3;12.98;3.7;11.67;1.24;0.58;52.43;20.24;13.88;8;11.68;3.68;0.57;1.62;-33.86;-0.69;0.9;10.63;4.96;8.96;0.47;0.53;0.36;2.95;29.12;85591486.07;10.46;1.11;0.86;31422041086.04
TOTS3;30.06;0.77;45.13;4.28;1.82;67.02;15.14;11.2;33.37;31.9;-1.47;-0.19;5.05;7.28;-4.48;1.72;9.49;4.02;7.04;0.42;0.55;0.36;8.34;21.91;109.373.295,00;7.02;0.67;1.98;18552526420.86
TPIS3;1.38;1.35;9.05;0.28;0.08;15.74;7.91;2.72;3.11;24.03;20.92;1.87;0.25;-0.61;-0.09;0.26;3.08;0.9;2.09;0.29;0.7;0.33;-7.49;;692053.71;4.96;0.15;-0.11;242.880.000,00
TRAD3;4.48;0;38235.73;2.13;2.03;56.89;-47.28;0.03;-26.02;-20.57;5.45;-0.45;12.3;4.61;-3.91;12.08;0.01;0.01;-12.7;0.95;0.05;0.17;;;5956584.11;2.1;0;-383.3;1261779178.24
TRIS3;4.93;4.46;9.63;0.75;0.4;35.09;18.15;12.98;6.88;9.13;2.25;0.24;1.25;0.76;-1.45;3.72;7.76;4.17;6.1;0.54;0.44;0.32;20.68;105.7;4364991.96;6.6;0.51;-0.21;920024462.34
TRPL4;23.89;6.21;5.56;1.01;0.5;69.24;74.1;47.45;3.56;5.5;1.56;0.44;2.64;4.3;-0.58;7.49;18.13;9.07;15.71;0.5;0.49;0.19;-6.6;-10.52;39413774.75;23.68;4.29;-0.28;17388944240.04
TTEN3;9.57;0.16;10.89;2.06;0.95;12.87;5.99;7.46;13.56;13.48;-0.08;-0.01;0.81;2.57;-4.01;1.93;18.93;8.69;8.4;0.46;0.54;1.16;;;5960655.71;4.64;0.88;0.23;4748802881.79
TUPY3;26.32;1.64;8.52;1.3;0.48;17.85;8.49;5.07;5.09;7.28;2.2;0.56;0.43;1.43;-1.34;2.1;15.23;5.64;10.45;0.37;0.63;1.11;16.82;;19369808.57;20.27;3.09;0.09;3.794.751.800,00
UCAS3;2.77;3.9;5.66;1.03;0.58;35.55;15.73;13.65;4.91;3.66;-1.25;-0.26;0.77;6.04;-1.11;1.26;18.21;10.32;13.48;0.57;0.43;0.76;3.58;;324644.36;2.69;0.49;0.08;183059228.28
UGPA3;14.1;5.55;9.5;1.45;0.43;3.99;2.03;1.32;6.18;9.49;3.32;0.78;0.13;2.13;-0.99;1.57;15.26;4.56;9.8;0.3;0.69;3.46;7.24;1.16;62877348.25;9.72;1.48;0.09;15.723.940.428,00
UNIP3;83.15;16.91;4.01;3.27;1.34;45.28;46.62;31.36;2.7;2.64;-0.14;-0.16;1.26;5.3;-2.67;2.02;81.47;33.34;50.24;0.41;0.59;1.06;47.87;50.28;2443034.14;25.44;20.72;0.02;8883923514.85
UNIP6;86.8;17.82;4.19;3.41;1.4;45.28;46.62;31.36;2.82;2.64;-0.14;-0.16;1.31;5.53;-2.79;2.02;81.47;33.34;50.24;0.41;0.59;1.06;47.87;50.28;18870707.07;25.44;20.72;0.02;8883923514.85
USIM3;8.69;20.06;1.8;0.46;0.26;27.12;22.57;18.09;1.44;1.53;0.06;0.02;0.33;0.71;-0.55;3.51;25.44;14.66;19.98;0.58;0.36;0.81;31.89;;4594904.07;18.98;4.83;-0.18;11124819370.84
USIM5;9.12;21.03;1.89;0.48;0.28;27.12;22.57;18.09;1.51;1.53;0.06;0.02;0.34;0.74;-0.58;3.51;25.44;14.66;19.98;0.58;0.36;0.81;31.89;;143164323.36;18.98;4.83;-0.19;11124819370.84
VALE3;69.91;22.16;3.22;1.8;0.76;53.7;43.7;41.78;3.08;3.34;0.26;0.15;1.35;16.33;-0.93;1.32;55.74;23.46;34.13;0.42;0.56;0.56;25.41;50.75;2149272677.32;38.91;21.69;0.23;334092148376.33
VAMO3;15.76;1.24;31.2;5.35;1.22;39.4;29.73;13.05;13.7;17.65;3.95;1.54;4.07;6.78;-1.87;2.05;17.13;3.9;9.05;0.23;0.77;0.3;571.04;549.36;32492924.54;2.95;0.51;0.4;15397330407.2
VBBR3;18.55;3.14;9.28;1.72;0.59;5.05;1.91;1.64;7.95;11.47;3.53;0.76;0.15;2.13;-1.21;2.15;18.52;6.32;7.9;0.34;0.66;3.86;8.47;;167454682.86;10.8;2;-0.21;21.610.750.000,00
VIIA3;2.91;;-10.13;0.83;0.13;30.03;-0.96;-1.49;-15.82;-43.54;-27.72;1.45;0.15;-3.31;-0.26;0.92;-8.15;-1.32;-9.89;0.16;0.84;0.89;9.29;;156465759.04;3.53;-0.29;0.07;4651419240.96
VITT3;10.33;2.2;13.34;2.98;1.68;36.15;17.65;13.58;10.26;11.94;1.68;0.49;1.81;5.02;-5.62;1.91;22.36;12.6;15.83;0.56;0.43;0.93;;;1249275.68;3.46;0.77;0.55;1477697275.31
VIVA3;24.39;1.35;16.92;4.14;2.25;67.9;20.81;21.47;17.45;16.92;-0.53;-0.13;3.63;6.34;-5.87;2.35;24.45;13.28;17.05;0.54;0.46;0.62;;;22240693.43;5.9;1.44;0.11;5760863585.91
VIVR3;0.66;;-1.43;-0.45;0.29;16.9;-112;-114.41;-1.46;-4.5;-3.04;;1.63;-0.48;-0.59;0.46;-31.55;-20.28;-216.3;-0.64;1.64;0.18;;;2271251.21;-1.47;-0.46;0.02;94315790.58
VIVT3;46.35;7.72;14.21;1.14;0.65;43.12;14.59;11.97;11.66;13.64;1.99;0.19;1.7;-9.98;-0.76;0.7;8.04;4.56;7.24;0.57;0.43;0.38;0.71;6.02;88767123.86;40.57;3.26;1;77726088860.85
VLID3;11.08;2.62;15.27;0.76;0.31;27.13;11.6;2.71;3.56;6.67;3.11;0.66;0.41;1.54;-0.58;1.72;4.97;2.01;9.81;0.4;0.58;0.74;4.98;-7.47;2611046.68;14.61;0.73;-0.09;913827897.36
VULC3;13.39;2.61;9;2.18;1.51;35.86;17.39;15.96;8.26;8.75;0.49;0.13;1.44;3.51;-4.44;2.87;24.18;16.75;21.13;0.69;0.31;1.05;10.48;59.24;4647733.5;6.15;1.49;0.11;3290676107.16
VVEO3;17.85;2.27;17.89;2.29;0.72;16.45;5.34;4.1;13.75;17.06;3.32;0.55;0.73;2.77;-1.71;1.82;12.79;4.03;6.8;0.32;0.68;0.98;;;2411558.18;7.8;1;-1.18;5.107.301.976,00
WEGE3;30.8;1.53;36.48;9.64;4.99;27.88;15.77;13.25;30.64;30.59;-0.05;-0.02;4.83;18.06;-15.55;1.69;26.42;13.69;21.22;0.52;0.47;1.03;20.26;25.96;210708554.75;3.2;0.84;4.64;129277394338.4
WEST3;2.68;;-9.08;0.79;0.63;43.98;-16.11;-10.12;-5.7;-2.09;3.61;-0.5;0.92;1.11;-2.01;5.97;-8.71;-6.98;-14.46;0.8;0.2;0.69;;;599011.46;3.39;-0.3;-0.01;295548582.96
WIZS3;8.46;6.95;8.36;3.86;0.71;59.67;40.34;20.07;4.16;4.33;0.18;0.16;1.68;-26.9;-0.83;0.84;46.25;8.5;21.78;0.18;0.55;0.42;15.13;2.22;5984377.96;2.19;1.01;-0.38;1352815605.72
YDUQ3;16.11;0.78;26.07;1.52;0.5;55.33;13.49;4.24;8.2;14.49;6.3;1.17;1.11;3.79;-0.69;1.84;5.82;1.9;6.22;0.33;0.67;0.45;6.64;-12.3;53303285.75;10.61;0.62;-0.03;4979421389.61
